Name,Description,Link
CHVRCHES live in Montréal @ Le National,,https://www.flickr.com/photos/dtotv/9059562398/
Still Corners and CHVRCHES at Webster Hall 6/17/13,,https://www.flickr.com/photos/yankee32879/sets/72157634775473204/
The Independent ,official Pic,https://www.independent.com/2014/04/10/interview-chvrches/
Summer Block Party Philly 2014,,https://www.flickr.com/photos/petryfrompa/13920508948/in/photostream/
San Francisco Summer Block Party,,https://threematchbreeze.com/2015/10/28/chvrches-treasure-island-music-festival-10-18-15/
Liverpool Music Week 2014,official Pic,https://www.facebook.com/OfficialLiverpoolMusicWeek/photos/a.181340606022.164100.29891216022/10152718182661023/?type=1&theater
CHVRCHES Endsession Hosted by 107.7 The End,,https://www.facebook.com/photo?fbid=10153720641309834&set=pcb.10153720642324834
"BUKU, New Orleans, March 11, 2016",,https://www.flickr.com/photos/offbeatmagazine/albums/72157665351226890/
"E-Werk Köln, 04.04.2016",,https://monkeypress.de/2016/04/live/konzertberichte/chvrches-shura-koeln-e-werk-04-04-2016/
El Plaza Condesa 28 2016 Mexico,,https://www.mehaceruido.com/2016/09/chvrches-el-plaza-condesa/
Concert Crap,Hollywood Forever cemetery Show Oct. 2016,https://concertcrap.com/chvrches-kick-off-october-with-a-graveyard-show/
REVIEW: Phoenix Rises Again for CHVRCHES’ Highly-Anticipated Return (10-6-16),,https://www.burninghotevents.com/2016/10/08/chvrches_10-6-2016/
Music Park: CHVRCHES @ Echostage — 10/17/16,,https://parklifedc.com/2016/10/24/music-park-chvrches-echostage-101716/#google_vignette
"CHVRCHES perform at Echostage in DC on Monday, Oct. 17, 2016.",,https://www.flickr.com/photos/mickeymccarter/albums/72157674029236641/
Chvrches at The Danforth Music Hall for Indie 88's celebration of the one year anniversary of the Josie Dye Show - Concert Photos,,"https://www.oneintenwords.com/2018/06/chvrches-at-danforth-music-hall-for.html#:~:text=June%2012%2C%202018-,Chvrches%20at%20The%20Danforth%20Music%20Hall%20for%20Indie%2088%27s%20celebration,shape%20after%20months%20of%20leisure."
